,img_names,num_seeds
0,TLI_SGG2505.JPG,125
1,TLI_SGG1830.JPG,100
2,TLI_SGG3089.JPG,92
3,TLI_SGG3158.JPG,109
4,TLI_SGG2471.JPG,62
5,TLI_SGG2877.JPG,126
6,TLI_SGG3048.JPG,114
7,TLI_SGG2785.JPG,138
8,TLI_SGG3207.JPG,128
9,TLI_SGG2696.JPG,313
10,TLI_SGG1823.JPG,126
11,TLI_SGG2467.JPG,129
12,TLI_SGG2473.JPG,147
13,TLI_SGG2401.JPG,88
14,TLI_SGG1923.JPG,113
15,TLI_SGG1928.JPG,130
16,TLI_SGG2605.JPG,109
17,TLI_SGG2664.JPG,134
18,TLI_SGG3225.JPG,435
19,TLI_SGG2953.JPG,67
20,TLI_SGG1803.JPG,79
21,TLI_SGG2369.JPG,119
22,TLI_SGG3024.JPG,119
23,TLI_SGG2284.JPG,126
24,TLI_SGG1824.JPG,129
25,TLI_SGG2940.JPG,97
26,TLI_SGG2145.JPG,156
27,TLI_SGG3000.JPG,96
28,TLI_SGG2619.JPG,134
29,TLI_SGG1819.JPG,108
30,TLI_SGG2839.JPG,111
31,TLI_SGG2716.JPG,87
32,TLI_SGG2595.JPG,122
33,TLI_SGG2461.JPG,71
34,TLI_SGG2593.JPG,105
35,TLI_SGG2873.JPG,104
36,TLI_SGG1992.JPG,128
37,TLI_SGG1905.JPG,143
38,TLI_SGG2446.JPG,93
39,TLI_SGG2909.JPG,554
40,TLI_SGG2463.JPG,103
41,TLI_SGG2186.JPG,184
42,TLI_SGG2502.JPG,175
43,TLI_SGG2638.JPG,121
44,TLI_SGG3078.JPG,122
45,TLI_SGG3096.JPG,112
46,TLI_SGG3040.JPG,126
47,TLI_SGG3034.JPG,73
48,TLI_SGG2261.JPG,112
49,TLI_SGG2938.JPG,124
50,TLI_SGG1951.JPG,87
51,TLI_SGG2901.JPG,142
52,TLI_SGG2789.JPG,402
53,TLI_SGG2282.JPG,72
54,TLI_SGG2922.JPG,120
55,TLI_SGG1918.JPG,133
56,TLI_SGG2360.JPG,143
57,TLI_SGG1950.JPG,118
58,TLI_SGG2935.JPG,111
59,TLI_SGG2452.JPG,77
60,TLI_SGG2641.JPG,123
61,TLI_SGG2350.JPG,89
62,TLI_SGG2348.JPG,128
63,TLI_SGG3006.JPG,281
64,TLI_SGG1916.JPG,127
65,TLI_SGG1897.JPG,61
66,TLI_SGG1811.JPG,137
67,TLI_SGG3038.JPG,109
68,TLI_SGG2866.JPG,299
69,TLI_SGG2729.JPG,111
70,TLI_SGG2256.JPG,132
71,TLI_SGG2670.JPG,392
72,TLI_SGG2396.JPG,131
73,TLI_SGG3135.JPG,109
74,TLI_SGG2026.JPG,85
75,TLI_SGG2363.JPG,54
76,TLI_SGG2626.JPG,127
77,TLI_SGG1915.JPG,143
78,TLI_SGG3045.JPG,130
79,TLI_SGG1739.JPG,26
80,TLI_SGG1904.JPG,106
81,TLI_SGG2246.JPG,113
82,TLI_SGG2239.JPG,70
83,TLI_SGG2342.JPG,147
84,TLI_SGG3185.JPG,152
85,TLI_SGG3025.JPG,119
86,TLI_SGG1970.JPG,73
87,TLI_SGG2464.JPG,146
88,TLI_SGG2171.JPG,139
89,TLI_SGG2235.JPG,148
90,TLI_SGG1702.JPG,95
91,TLI_SGG2944.JPG,108
92,TLI_SGG2692.JPG,99
93,TLI_SGG2992.JPG,64
94,TLI_SGG2653.JPG,53
95,TLI_SGG3218.JPG,120
96,TLI_SGG3231.JPG,118
97,TLI_SGG2878.JPG,115
98,TLI_SGG3175.JPG,152
99,TLI_SGG1991.JPG,171
100,TLI_SGG2137.JPG,145
101,TLI_SGG2367.JPG,58
102,TLI_SGG2038.JPG,141
103,TLI_SGG2462.JPG,64
104,TLI_SGG2138.JPG,159
105,TLI_SGG1940.JPG,123
106,TLI_SGG2503.JPG,85
107,TLI_SGG3219.JPG,131
108,TLI_SGG2674.JPG,106
109,TLI_SGG2995.JPG,112
110,TLI_SGG1994.JPG,141
111,TLI_SGG3206.JPG,112
112,TLI_SGG2260.JPG,105
113,TLI_SGG2298.JPG,95
114,TLI_SGG2618.JPG,80
115,TLI_SGG2004.JPG,99
116,TLI_SGG2628.JPG,88
117,TLI_SGG2512.JPG,75
118,TLI_SGG2669.JPG,95
119,TLI_SGG2208.JPG,116
120,TLI_SGG2891.JPG,102
121,TLI_SGG2915.JPG,159
122,TLI_SGG1735.JPG,107
123,TLI_SGG2835.JPG,134
124,TLI_SGG2946.JPG,142
125,TLI_SGG1999.JPG,96
126,TLI_SGG2003.JPG,126
127,TLI_SGG1911.JPG,96
128,TLI_SGG2742.JPG,165
129,TLI_SGG3035.JPG,120
130,TLI_SGG2205.JPG,109
131,TLI_SGG1917.JPG,104
132,TLI_SGG2291.JPG,155
133,TLI_SGG1937.JPG,142
134,TLI_SGG1826.JPG,129
135,TLI_SGG2414.JPG,105
136,TLI_SGG2218.JPG,138
137,TLI_SGG2335.JPG,107
138,TLI_SGG1689.JPG,73
139,TLI_SGG2402.JPG,118
140,TLI_SGG2990.JPG,134
141,TLI_SGG2868.JPG,171
142,TLI_SGG2264.JPG,76
143,TLI_SGG3147.JPG,116
144,TLI_SGG2876.JPG,122
145,TLI_SGG2733.JPG,113
146,TLI_SGG3094.JPG,119
147,TLI_SGG2755.JPG,109
148,TLI_SGG2424.JPG,38
149,TLI_SGG2862.JPG,152
150,TLI_SGG2993.JPG,145
151,TLI_SGG2967.JPG,102
152,TLI_SGG2340.JPG,171
153,TLI_SGG2899.JPG,62
154,TLI_SGG3036.JPG,91
155,TLI_SGG1815.JPG,89
156,TLI_SGG2500.JPG,82
157,TLI_SGG2623.JPG,113
158,TLI_SGG2253.JPG,163
159,TLI_SGG2279.JPG,118
160,TLI_SGG2880.JPG,132
161,TLI_SGG1947.JPG,136
162,TLI_SGG3201.JPG,125
163,TLI_SGG2843.JPG,118
164,TLI_SGG2657.JPG,82
165,TLI_SGG3181.JPG,150
166,TLI_SGG2883.JPG,207
167,TLI_SGG2853.JPG,137
168,TLI_SGG3190.JPG,125
169,TLI_SGG1818.JPG,73
170,TLI_SGG2274.JPG,95
171,TLI_SGG2176.JPG,80
172,TLI_SGG2439.JPG,101
173,TLI_SGG1691.JPG,62
174,TLI_SGG2921.JPG,115
175,TLI_SGG2376.JPG,123
176,TLI_SGG2388.JPG,112
177,TLI_SGG3083.JPG,94
178,TLI_SGG3156.JPG,130
179,TLI_SGG1795.JPG,119
180,TLI_SGG2185.JPG,150
181,TLI_SGG2355.JPG,106
182,TLI_SGG2398.JPG,110
183,TLI_SGG2468.JPG,75
184,TLI_SGG1805.JPG,179
185,TLI_SGG1791.JPG,115
186,TLI_SGG3054.JPG,115
187,TLI_SGG2371.JPG,101
188,TLI_SGG2268.JPG,124
189,TLI_SGG2207.JPG,138
190,TLI_SGG2386.JPG,82
191,TLI_SGG2649.JPG,113
192,TLI_SGG2418.JPG,91
193,TLI_SGG2697.JPG,86
194,TLI_SGG1896.JPG,127
195,TLI_SGG3136.JPG,120
196,TLI_SGG3157.JPG,152
197,TLI_SGG1814.JPG,66
198,TLI_SGG2275.JPG,122
199,TLI_SGG2251.JPG,103
200,TLI_SGG1706.JPG,96
201,TLI_SGG2841.JPG,41
202,TLI_SGG3032.JPG,67
203,TLI_SGG1993.JPG,132
204,TLI_SGG3027.JPG,92
205,TLI_SGG1806.JPG,140
206,TLI_SGG2199.JPG,123
207,TLI_SGG2247.JPG,89
208,TLI_SGG1796.JPG,134
209,TLI_SGG2511.JPG,165
210,TLI_SGG1946.JPG,111
211,TLI_SGG3191.JPG,115
212,TLI_SGG1715.JPG,119
213,TLI_SGG2220.JPG,88
214,TLI_SGG2372.JPG,95
215,TLI_SGG1910.JPG,86
216,TLI_SGG3146.JPG,78
217,TLI_SGG2361.JPG,139
218,TLI_SGG1948.JPG,158
219,TLI_SGG3184.JPG,115
220,TLI_SGG2770.JPG,119
221,TLI_SGG2146.JPG,152
222,TLI_SGG2307.JPG,77
223,TLI_SGG3071.JPG,75
224,TLI_SGG2745.JPG,115
225,TLI_SGG1924.JPG,90
226,TLI_SGG2378.JPG,112
227,TLI_SGG3050.JPG,105
228,TLI_SGG2905.JPG,115
229,TLI_SGG2890.JPG,142
230,TLI_SGG2240.JPG,107
231,TLI_SGG2490.JPG,96
232,TLI_SGG2647.JPG,30
233,TLI_SGG2974.JPG,175
234,TLI_SGG2271.JPG,160
235,TLI_SGG1708.JPG,106
236,TLI_SGG2673.JPG,160
237,TLI_SGG2248.JPG,90
238,TLI_SGG1696.JPG,380
239,TLI_SGG2383.JPG,133
240,TLI_SGG2508.JPG,103
241,TLI_SGG1887.JPG,74
242,TLI_SGG1788.JPG,110
243,TLI_SGG2892.JPG,130
244,TLI_SGG2265.JPG,90
245,TLI_SGG2423.JPG,110
246,TLI_SGG2215.JPG,88
247,TLI_SGG2214.JPG,116
248,TLI_SGG3180.JPG,84
249,TLI_SGG2861.JPG,86
250,TLI_SGG1825.JPG,571
251,TLI_SGG2267.JPG,105
252,TLI_SGG1908.JPG,158
253,TLI_SGG2178.JPG,127
254,TLI_SGG2585.JPG,22
255,TLI_SGG2352.JPG,113
256,TLI_SGG1891.JPG,133
257,TLI_SGG3217.JPG,104
258,TLI_SGG1714.JPG,122
259,TLI_SGG1927.JPG,89
260,TLI_SGG3203.JPG,118
261,TLI_SGG2300.JPG,100
262,TLI_SGG2949.JPG,135
263,TLI_SGG2865.JPG,98
264,TLI_SGG3209.JPG,148
265,TLI_SGG2691.JPG,75
266,TLI_SGG1898.JPG,468
267,TLI_SGG2767.JPG,104
268,TLI_SGG2997.JPG,138
269,TLI_SGG2397.JPG,111
270,TLI_SGG2351.JPG,32
271,TLI_SGG1894.JPG,66
272,TLI_SGG3013.JPG,134
273,TLI_SGG1787.JPG,116
274,TLI_SGG2042.JPG,94
275,TLI_SGG3187.JPG,145
276,TLI_SGG2687.JPG,159
277,TLI_SGG2150.JPG,129
278,TLI_SGG1710.JPG,90
279,TLI_SGG2417.JPG,99
280,TLI_SGG2281.JPG,123
281,TLI_SGG2597.JPG,104
282,TLI_SGG1952.JPG,79
283,TLI_SGG2157.JPG,116
284,TLI_SGG3148.JPG,94
285,TLI_SGG2027.JPG,75
286,TLI_SGG3179.JPG,80
287,TLI_SGG2333.JPG,80
288,TLI_SGG2193.JPG,131
289,TLI_SGG1827.JPG,128
290,TLI_SGG2188.JPG,140
291,TLI_SGG3026.JPG,117
292,TLI_SGG2425.JPG,104
293,TLI_SGG2475.JPG,135
294,TLI_SGG2189.JPG,110
295,TLI_SGG2735.JPG,129
296,TLI_SGG2225.JPG,128
297,TLI_SGG2996.JPG,173
298,TLI_SGG2864.JPG,154
299,TLI_SGG2943.JPG,380
300,TLI_SGG3107.JPG,91
301,TLI_SGG2985.JPG,127
302,TLI_SGG2301.JPG,62
303,TLI_SGG2382.JPG,107
304,TLI_SGG3080.JPG,89
305,TLI_SGG2973.JPG,103
306,TLI_SGG2495.JPG,52
307,TLI_SGG2405.JPG,108
308,TLI_SGG2144.JPG,119
309,TLI_SGG1926.JPG,82
310,TLI_SGG1790.JPG,115
311,TLI_SGG2395.JPG,86
312,TLI_SGG1922.JPG,80
313,TLI_SGG2506.JPG,128
314,TLI_SGG2443.JPG,100
315,TLI_SGG2498.JPG,148
316,TLI_SGG2277.JPG,107
317,TLI_SGG3221.JPG,124
318,TLI_SGG2322.JPG,101
319,TLI_SGG2469.JPG,173
320,TLI_SGG2614.JPG,132
321,TLI_SGG2223.JPG,98
322,TLI_SGG3189.JPG,91
323,TLI_SGG2249.JPG,127
324,TLI_SGG3192.JPG,151
325,TLI_SGG1890.JPG,92
326,TLI_SGG2263.JPG,152
327,TLI_SGG2884.JPG,220
328,TLI_SGG2327.JPG,91
329,TLI_SGG2961.JPG,62
330,TLI_SGG2859.JPG,143
331,TLI_SGG1828.JPG,127
332,TLI_SGG2191.JPG,162
333,TLI_SGG2387.JPG,111
334,TLI_SGG1895.JPG,125
335,TLI_SGG2349.JPG,110
336,TLI_SGG2312.JPG,88
337,TLI_SGG2173.JPG,21
338,TLI_SGG2404.JPG,108
339,TLI_SGG2499.JPG,120
340,TLI_SGG3091.JPG,128
341,TLI_SGG3033.JPG,94
342,TLI_SGG2385.JPG,106
343,TLI_SGG1792.JPG,79
344,TLI_SGG1903.JPG,136
345,TLI_SGG2015.JPG,140
346,TLI_SGG1913.JPG,124
347,TLI_SGG1797.JPG,137
348,TLI_SGG2406.JPG,78
349,TLI_SGG1709.JPG,130
350,TLI_SGG2212.JPG,87
351,TLI_SGG2403.JPG,115
352,TLI_SGG2791.JPG,120
353,TLI_SGG2216.JPG,73
354,TLI_SGG2255.JPG,119
355,TLI_SGG2904.JPG,126
356,TLI_SGG2377.JPG,46
357,TLI_SGG1925.JPG,107
358,TLI_SGG2672.JPG,30
359,TLI_SGG2422.JPG,35
360,TLI_SGG2514.JPG,90
361,TLI_SGG2894.JPG,167
362,TLI_SGG2651.JPG,55
363,TLI_SGG2381.JPG,100
364,TLI_SGG2244.JPG,90
365,TLI_SGG1995.JPG,73
366,TLI_SGG2237.JPG,118
367,TLI_SGG1785.JPG,492
368,TLI_SGG2497.JPG,133
369,TLI_SGG3172.JPG,138
370,TLI_SGG2689.JPG,40
371,TLI_SGG2289.JPG,132
372,TLI_SGG3031.JPG,153
373,TLI_SGG1942.JPG,117
374,TLI_SGG2192.JPG,172
375,TLI_SGG1804.JPG,131
376,TLI_SGG1701.JPG,81
377,TLI_SGG2379.JPG,23
378,TLI_SGG2258.JPG,122
379,TLI_SGG1799.JPG,110
380,TLI_SGG2621.JPG,151
381,TLI_SGG1694.JPG,138
382,TLI_SGG2629.JPG,75
383,TLI_SGG2875.JPG,74
384,TLI_SGG3155.JPG,159
385,TLI_SGG2615.JPG,124
386,TLI_SGG2165.JPG,113
387,TLI_SGG2243.JPG,103
388,TLI_SGG2358.JPG,89
389,TLI_SGG3194.JPG,81
390,TLI_SGG2479.JPG,110
391,TLI_SGG2637.JPG,159
392,TLI_SGG2201.JPG,129
393,TLI_SGG2276.JPG,100
394,TLI_SGG2477.JPG,116
395,TLI_SGG2624.JPG,75
396,TLI_SGG3012.JPG,119
397,TLI_SGG3213.JPG,126
398,TLI_SGG2399.JPG,111
399,TLI_SGG2435.JPG,113
400,TLI_SGG3177.JPG,127
401,TLI_SGG2625.JPG,101
402,TLI_SGG1997.JPG,166
403,TLI_SGG2895.JPG,103
404,TLI_SGG2855.JPG,158
405,TLI_SGG2970.JPG,156
406,TLI_SGG2787.JPG,172
407,TLI_SGG1817.JPG,121
408,TLI_SGG1737.JPG,137
409,TLI_SGG2278.JPG,139
410,TLI_SGG2391.JPG,101
411,TLI_SGG2850.JPG,110
412,TLI_SGG3037.JPG,147
413,TLI_SGG3195.JPG,104
414,TLI_SGG2656.JPG,75
415,TLI_SGG2645.JPG,10
416,TLI_SGG2717.JPG,44
417,TLI_SGG1707.JPG,132
418,TLI_SGG2842.JPG,545
419,TLI_SGG3140.JPG,89
420,TLI_SGG1907.JPG,125
421,TLI_SGG2643.JPG,89
422,TLI_SGG2860.JPG,206
423,TLI_SGG3234.JPG,96
424,TLI_SGG2912.JPG,136
425,TLI_SGG2959.JPG,122
426,TLI_SGG2159.JPG,170
427,TLI_SGG2886.JPG,121
428,TLI_SGG1954.JPG,184
429,TLI_SGG2238.JPG,83
430,TLI_SGG2034.JPG,76
431,TLI_SGG2492.JPG,153
432,TLI_SGG2599.JPG,91
433,TLI_SGG1909.JPG,85
434,TLI_SGG2504.JPG,389
435,TLI_SGG2695.JPG,102
436,TLI_SGG2646.JPG,104
437,TLI_SGG2161.JPG,171
438,TLI_SGG2663.JPG,125
439,TLI_SGG2622.JPG,135
440,TLI_SGG1906.JPG,159
441,TLI_SGG2888.JPG,127
442,TLI_SGG2009.JPG,152
443,TLI_SGG3098.JPG,117
444,TLI_SGG1921.JPG,79
445,TLI_SGG2764.JPG,134
446,TLI_SGG2700.JPG,132
447,TLI_SGG2169.JPG,129
448,TLI_SGG2838.JPG,122
449,TLI_SGG2910.JPG,85
